9	edge_992
9	edge_954
9	edge_767
9	edge_963
9	edge_543
9	edge_957
9	edge_761
9	edge_569
9	edge_1014
9	edge_297
9	edge_948
9	edge_1029
9	edge_964
9	edge_704
9	edge_1010
9	edge_1025
9	edge_953
9	edge_978
9	edge_734
9	edge_259
9	edge_666
9	edge_1001
9	edge_1015
9	edge_944
9	edge_580
9	edge_614
9	edge_1019
9	edge_267
9	edge_981
13	edge_457
13	edge_1080
13	edge_167
13	edge_1005
14	edge_758
14	edge_744
14	edge_755
14	edge_701
14	edge_40
14	edge_1121
14	edge_1134
14	edge_616
14	edge_756
14	edge_1042
14	edge_748
14	edge_754
14	edge_1135
14	edge_895
14	edge_746
14	edge_743
14	edge_1040
14	edge_44
14	edge_1076
14	edge_1043
14	edge_1044
14	edge_1045
14	edge_1041
14	edge_43
14	edge_1075
14	edge_235
14	edge_742
14	edge_747
19	edge_565
19	edge_243
19	edge_599
19	edge_889
19	edge_669
19	edge_164
19	edge_116
19	edge_988
19	edge_1113
19	edge_777
19	edge_762
19	edge_163
19	edge_127
19	edge_25
19	edge_255
19	edge_114
19	edge_613
19	edge_195
19	edge_589
19	edge_256
19	edge_1058
19	edge_222
19	edge_244
19	edge_115
19	edge_987
19	edge_1119
19	edge_188
19	edge_1057
19	edge_514
19	edge_516
19	edge_272
19	edge_135
19	edge_515
19	edge_1114
19	edge_245
19	edge_517
19	edge_249
19	edge_301
19	edge_196
19	edge_1079
19	edge_764
19	edge_139
19	edge_778
19	edge_888
19	edge_612
19	edge_763
19	edge_739
19	edge_993
19	edge_251
19	edge_242
19	edge_562
19	edge_1066
19	edge_22
19	edge_252
19	edge_563
19	edge_533
19	edge_979
19	edge_129
19	edge_564
19	edge_193
19	edge_194
19	edge_610
19	edge_642
19	edge_253
19	edge_532
19	edge_128
19	edge_1149
19	edge_1062
19	edge_986
19	edge_643
19	edge_248
19	edge_250
19	edge_187
19	edge_1137
19	edge_652
19	edge_673
19	edge_989
19	edge_198
19	edge_21
23	edge_729
23	edge_689
23	edge_730
23	edge_19
30	edge_184
30	edge_1059
30	edge_293
30	edge_278
30	edge_1082
30	edge_281
30	edge_119
30	edge_279
30	edge_1086
30	edge_1104
30	edge_121
30	edge_621
30	edge_204
30	edge_181
30	edge_203
30	edge_1034
30	edge_205
30	edge_574
30	edge_1067
30	edge_31
30	edge_958
30	edge_446
30	edge_1087
30	edge_199
30	edge_201
30	edge_294
30	edge_123
30	edge_619
30	edge_1068
30	edge_695
30	edge_618
30	edge_1035
30	edge_765
30	edge_271
30	edge_1071
30	edge_174
30	edge_180
30	edge_447
30	edge_273
30	edge_617
30	edge_470
30	edge_668
30	edge_183
30	edge_1072
30	edge_269
30	edge_200
30	edge_179
30	edge_124
30	edge_176
30	edge_27
30	edge_674
30	edge_469
30	edge_1094
30	edge_117
30	edge_178
30	edge_576
30	edge_26
30	edge_441
30	edge_280
30	edge_1095
30	edge_125
30	edge_1060
30	edge_220
30	edge_1061
30	edge_28
30	edge_1081
30	edge_29
30	edge_985
30	edge_270
30	edge_1084
30	edge_1036
30	edge_277
30	edge_955
46	edge_432
46	edge_962
46	edge_664
46	edge_555
86	edge_982
86	edge_1028
86	edge_1027
86	edge_1018
86	edge_1023
86	edge_1009
107	edge_745
107	edge_749
107	edge_42
107	edge_39
142	edge_74
142	edge_581
142	edge_77
142	edge_1078
142	edge_86
142	edge_1109
142	edge_104
142	edge_95
142	edge_1136
142	edge_112
142	edge_78
142	edge_89
142	edge_99
142	edge_91
142	edge_1052
142	edge_389
142	edge_1016
142	edge_1055
142	edge_491
142	edge_81
142	edge_947
142	edge_83
142	edge_59
142	edge_103
142	edge_94
142	edge_82
142	edge_92
142	edge_496
142	edge_1107
142	edge_1124
142	edge_64
142	edge_100
142	edge_1051
142	edge_1053
142	edge_65
142	edge_98
142	edge_80
142	edge_239
142	edge_79
142	edge_106
142	edge_1054
142	edge_90
142	edge_105
142	edge_111
151	edge_838
151	edge_1020
151	edge_634
151	edge_635
158	edge_72
158	edge_73
158	edge_520
158	edge_113
158	edge_490
158	edge_492
158	edge_108
158	edge_71
158	edge_497
158	edge_499
158	edge_489
158	edge_85
158	edge_483
158	edge_101
158	edge_1056
158	edge_498
158	edge_67
158	edge_62
158	edge_488
158	edge_68
158	edge_63
158	edge_240
158	edge_76
158	edge_84
158	edge_1050
158	edge_519
158	edge_60
158	edge_546
158	edge_102
158	edge_504
158	edge_61
158	edge_502
158	edge_486
158	edge_1108
158	edge_545
158	edge_1110
158	edge_518
158	edge_87
158	edge_70
158	edge_544
158	edge_69
158	edge_495
158	edge_503
158	edge_494
158	edge_88
158	edge_485
158	edge_487
159	edge_381
159	edge_367
159	edge_605
159	edge_462
159	edge_458
159	edge_371
159	edge_365
159	edge_1144
159	edge_588
159	edge_1033
159	edge_262
159	edge_727
159	edge_645
159	edge_685
159	edge_456
159	edge_296
159	edge_572
159	edge_931
159	edge_908
159	edge_363
159	edge_648
159	edge_771
159	edge_647
159	edge_912
159	edge_368
159	edge_473
159	edge_527
159	edge_923
159	edge_1128
159	edge_1099
159	edge_1101
159	edge_916
159	edge_370
159	edge_366
166	edge_1032
166	edge_551
166	edge_881
166	edge_1129
166	edge_866
169	edge_732
169	edge_359
169	edge_826
169	edge_795
169	edge_829
169	edge_817
172	edge_956
172	edge_733
172	edge_1006
172	edge_1026
172	edge_268
172	edge_177
172	edge_766
207	edge_192
207	edge_466
207	edge_579
207	edge_571
207	edge_781
207	edge_780
207	edge_508
207	edge_779
214	edge_449
214	edge_118
214	edge_275
214	edge_276
223	edge_324
223	edge_1093
223	edge_209
223	edge_477
223	edge_1039
223	edge_320
223	edge_1069
223	edge_480
223	edge_336
223	edge_1088
223	edge_1105
223	edge_1097
223	edge_1106
223	edge_1089
223	edge_1090
223	edge_335
223	edge_1096
223	edge_1008
223	edge_1120
223	edge_475
223	edge_347
223	edge_330
223	edge_56
223	edge_1073
223	edge_478
223	edge_302
223	edge_354
223	edge_1092
223	edge_57
223	edge_337
223	edge_342
223	edge_338
223	edge_481
223	edge_1091
223	edge_823
223	edge_474
230	edge_512
230	edge_191
230	edge_45
230	edge_507
240	edge_311
240	edge_319
240	edge_284
240	edge_223
244	edge_482
244	edge_351
244	edge_329
244	edge_476
244	edge_479
244	edge_822
244	edge_339
244	edge_1007
244	edge_345
275	edge_186
275	edge_675
275	edge_676
275	edge_961
275	edge_138
275	edge_582
275	edge_202
275	edge_960
288	edge_558
288	edge_782
288	edge_719
288	edge_657
288	edge_185
288	edge_1126
288	edge_600
299	edge_1138
299	edge_122
299	edge_450
300	edge_837
300	edge_1021
300	edge_671
302	edge_968
302	edge_15
302	edge_726
302	edge_1147
302	edge_741
302	edge_1133
302	edge_966
302	edge_738
302	edge_464
309	edge_396
309	edge_394
309	edge_395
309	edge_402
322	edge_554
322	edge_862
322	edge_873
322	edge_870
337	edge_784
337	edge_1125
337	edge_783
339	edge_557
339	edge_663
339	edge_1011
339	edge_735
339	edge_836
339	edge_914
339	edge_130
339	edge_467
339	edge_928
339	edge_274
339	edge_622
339	edge_775
339	edge_1012
339	edge_1000
339	edge_23
344	edge_1002
344	edge_233
344	edge_658
344	edge_254
349	edge_858
349	edge_886
349	edge_848
349	edge_849
349	edge_861
349	edge_857
349	edge_375
351	edge_535
351	edge_929
351	edge_932
351	edge_455
351	edge_722
351	edge_460
351	edge_573
351	edge_625
351	edge_534
351	edge_893
351	edge_226
351	edge_372
351	edge_892
351	edge_686
351	edge_839
351	edge_523
351	edge_644
351	edge_903
351	edge_710
351	edge_911
351	edge_225
351	edge_712
351	edge_891
351	edge_651
351	edge_902
351	edge_840
351	edge_909
351	edge_682
351	edge_770
351	edge_649
351	edge_910
351	edge_1098
351	edge_522
351	edge_521
351	edge_915
351	edge_369
351	edge_603
351	edge_459
351	edge_380
351	edge_379
351	edge_917
351	edge_606
351	edge_357
351	edge_687
351	edge_461
351	edge_238
351	edge_646
351	edge_934
351	edge_922
351	edge_604
351	edge_206
351	edge_451
351	edge_834
351	edge_724
351	edge_706
351	edge_358
351	edge_364
352	edge_976
352	edge_289
352	edge_620
354	edge_8
354	edge_728
354	edge_126
359	edge_260
359	edge_33
359	edge_1037
359	edge_1038
359	edge_586
359	edge_36
364	edge_384
364	edge_415
364	edge_418
364	edge_383
364	edge_399
364	edge_406
364	edge_158
364	edge_403
364	edge_382
365	edge_970
365	edge_897
365	edge_50
365	edge_965
365	edge_725
365	edge_740
365	edge_49
365	edge_973
365	edge_465
365	edge_213
365	edge_971
365	edge_969
365	edge_967
365	edge_506
365	edge_855
365	edge_737
365	edge_974
365	edge_14
365	edge_972
365	edge_975
366	edge_210
366	edge_596
366	edge_660
366	edge_540
366	edge_13
366	edge_211
366	edge_812
366	edge_4
366	edge_806
366	edge_1046
366	edge_539
366	edge_731
366	edge_11
366	edge_1127
366	edge_592
366	edge_792
366	edge_769
366	edge_438
366	edge_51
366	edge_542
366	edge_813
366	edge_1030
366	edge_1048
366	edge_227
366	edge_788
366	edge_656
366	edge_690
366	edge_567
366	edge_6
366	edge_216
366	edge_5
366	edge_1031
366	edge_9
366	edge_218
366	edge_1132
366	edge_1047
366	edge_2
366	edge_509
366	edge_791
366	edge_1074
366	edge_692
366	edge_801
366	edge_940
366	edge_46
366	edge_3
366	edge_1141
366	edge_510
366	edge_511
366	edge_693
366	edge_631
366	edge_1100
366	edge_7
366	edge_800
366	edge_798
366	edge_1103
366	edge_942
366	edge_437
366	edge_585
366	edge_1140
366	edge_1130
366	edge_824
366	edge_1112
366	edge_629
366	edge_436
366	edge_53
366	edge_659
366	edge_1
366	edge_232
366	edge_47
366	edge_1143
366	edge_662
366	edge_1003
366	edge_1139
366	edge_830
366	edge_48
366	edge_537
366	edge_215
366	edge_12
366	edge_623
366	edge_212
366	edge_794
366	edge_10
366	edge_768
366	edge_797
366	edge_661
366	edge_568
366	edge_541
366	edge_219
367	edge_144
367	edge_155
367	edge_1123
370	edge_835
370	edge_1115
370	edge_926
378	edge_299
378	edge_670
378	edge_173
378	edge_844
378	edge_1146
378	edge_852
378	edge_860
378	edge_850
378	edge_552
378	edge_946
378	edge_869
378	edge_868
378	edge_1145
378	edge_172
393	edge_789
393	edge_814
393	edge_434
393	edge_630
393	edge_799
393	edge_787
393	edge_825
393	edge_591
393	edge_816
400	edge_171
400	edge_168
400	edge_170
404	edge_228
404	edge_718
404	edge_715
