1	edge_1113
1	edge_695
1	edge_343
1	edge_1121
1	edge_568
1	edge_70
1	edge_571
1	edge_170
1	edge_614
1	edge_182
1	edge_1070
1	edge_407
1	edge_576
1	edge_1088
1	edge_235
1	edge_424
1	edge_929
1	edge_840
1	edge_752
1	edge_1053
1	edge_1033
1	edge_179
1	edge_242
1	edge_216
1	edge_678
1	edge_485
1	edge_911
1	edge_86
1	edge_890
1	edge_461
1	edge_1093
1	edge_884
1	edge_463
1	edge_524
1	edge_74
1	edge_595
1	edge_1026
1	edge_693
1	edge_122
1	edge_665
1	edge_371
1	edge_749
1	edge_24
1	edge_12
1	edge_196
1	edge_211
1	edge_308
1	edge_672
1	edge_1130
1	edge_528
1	edge_1002
1	edge_664
1	edge_4
1	edge_331
1	edge_771
1	edge_1116
1	edge_232
1	edge_422
1	edge_234
1	edge_947
1	edge_155
1	edge_365
1	edge_7
1	edge_698
1	edge_380
1	edge_397
1	edge_112
1	edge_262
1	edge_54
1	edge_1044
1	edge_879
1	edge_762
1	edge_677
1	edge_1051
1	edge_987
1	edge_181
1	edge_22
1	edge_263
1	edge_201
1	edge_238
1	edge_518
1	edge_340
1	edge_776
1	edge_456
1	edge_258
1	edge_1050
1	edge_716
1	edge_127
1	edge_197
1	edge_847
1	edge_205
1	edge_1089
1	edge_753
1	edge_95
1	edge_1135
1	edge_128
1	edge_71
1	edge_444
1	edge_347
1	edge_943
1	edge_1080
1	edge_964
1	edge_440
1	edge_1058
1	edge_688
1	edge_118
1	edge_965
1	edge_1004
1	edge_1138
1	edge_469
1	edge_854
1	edge_819
1	edge_301
1	edge_1078
1	edge_268
1	edge_224
1	edge_91
1	edge_624
1	edge_585
1	edge_507
1	edge_675
1	edge_370
1	edge_683
1	edge_591
1	edge_486
1	edge_592
1	edge_377
1	edge_80
1	edge_403
1	edge_125
1	edge_778
1	edge_1133
1	edge_393
1	edge_445
1	edge_96
1	edge_312
1	edge_673
1	edge_419
1	edge_261
1	edge_1066
1	edge_561
1	edge_310
1	edge_907
1	edge_329
1	edge_1106
1	edge_1008
1	edge_1029
1	edge_418
1	edge_29
1	edge_875
1	edge_633
1	edge_158
1	edge_142
1	edge_699
1	edge_492
1	edge_590
1	edge_756
1	edge_738
1	edge_1052
1	edge_631
1	edge_546
1	edge_335
1	edge_924
1	edge_72
1	edge_21
1	edge_433
1	edge_1016
1	edge_550
1	edge_307
1	edge_23
1	edge_134
1	edge_880
1	edge_581
1	edge_895
1	edge_517
1	edge_406
1	edge_126
1	edge_1013
1	edge_303
1	edge_341
1	edge_899
1	edge_277
1	edge_991
1	edge_175
1	edge_558
1	edge_47
1	edge_622
1	edge_58
1	edge_291
1	edge_78
1	edge_410
1	edge_849
1	edge_230
1	edge_269
1	edge_1011
1	edge_782
1	edge_241
1	edge_88
1	edge_1145
1	edge_9
1	edge_1139
1	edge_168
1	edge_903
1	edge_973
1	edge_999
1	edge_915
1	edge_1071
1	edge_742
1	edge_350
1	edge_372
1	edge_754
1	edge_837
1	edge_877
1	edge_562
1	edge_1081
1	edge_1047
1	edge_482
1	edge_654
1	edge_948
1	edge_1077
1	edge_897
1	edge_696
1	edge_1148
1	edge_739
1	edge_510
1	edge_39
1	edge_305
1	edge_64
1	edge_788
1	edge_928
1	edge_411
1	edge_641
1	edge_1035
1	edge_979
1	edge_255
1	edge_789
1	edge_709
1	edge_609
1	edge_958
1	edge_661
1	edge_451
1	edge_1062
1	edge_949
1	edge_882
1	edge_836
1	edge_300
1	edge_257
1	edge_773
1	edge_442
1	edge_200
1	edge_794
1	edge_304
1	edge_92
1	edge_500
1	edge_731
1	edge_680
1	edge_1118
1	edge_76
1	edge_532
1	edge_323
1	edge_189
1	edge_825
1	edge_1038
1	edge_13
1	edge_246
1	edge_84
1	edge_259
1	edge_525
1	edge_272
1	edge_722
1	edge_163
1	edge_582
1	edge_1012
1	edge_62
1	edge_328
1	edge_734
1	edge_320
1	edge_1109
1	edge_135
1	edge_117
1	edge_700
1	edge_952
1	edge_474
1	edge_637
1	edge_656
1	edge_663
1	edge_457
1	edge_416
1	edge_490
1	edge_462
1	edge_97
1	edge_148
1	edge_306
1	edge_1086
1	edge_997
1	edge_53
1	edge_926
1	edge_346
1	edge_810
1	edge_724
1	edge_620
1	edge_1046
1	edge_409
1	edge_923
1	edge_685
1	edge_34
1	edge_599
1	edge_225
1	edge_795
1	edge_1114
1	edge_767
1	edge_851
1	edge_243
1	edge_322
1	edge_288
1	edge_299
1	edge_450
1	edge_805
1	edge_824
1	edge_536
1	edge_1083
1	edge_252
1	edge_916
1	edge_1115
1	edge_1117
1	edge_735
1	edge_178
1	edge_1141
1	edge_1103
1	edge_575
1	edge_969
1	edge_515
1	edge_589
1	edge_79
1	edge_151
1	edge_391
1	edge_855
1	edge_733
1	edge_842
1	edge_612
1	edge_209
1	edge_369
1	edge_617
1	edge_511
1	edge_120
1	edge_876
1	edge_658
1	edge_332
1	edge_94
1	edge_984
1	edge_248
1	edge_109
1	edge_1120
1	edge_90
1	edge_495
1	edge_512
1	edge_36
1	edge_1048
1	edge_835
1	edge_646
1	edge_649
1	edge_213
1	edge_345
1	edge_368
1	edge_725
1	edge_513
1	edge_116
1	edge_814
1	edge_623
1	edge_830
1	edge_220
1	edge_1137
1	edge_373
1	edge_481
1	edge_530
1	edge_400
1	edge_959
1	edge_601
1	edge_3
1	edge_954
1	edge_449
1	edge_287
1	edge_203
1	edge_944
1	edge_150
1	edge_159
1	edge_793
1	edge_240
1	edge_1102
1	edge_1096
1	edge_815
1	edge_527
1	edge_758
1	edge_16
1	edge_826
1	edge_448
1	edge_319
1	edge_990
1	edge_1075
1	edge_545
1	edge_282
1	edge_1027
1	edge_355
1	edge_630
1	edge_420
1	edge_829
1	edge_89
1	edge_932
1	edge_218
1	edge_413
1	edge_704
1	edge_260
1	edge_375
1	edge_786
1	edge_702
1	edge_309
1	edge_384
1	edge_334
1	edge_18
1	edge_607
1	edge_863
1	edge_555
1	edge_919
1	edge_823
1	edge_302
1	edge_5
1	edge_743
1	edge_1143
1	edge_153
1	edge_165
1	edge_453
1	edge_283
1	edge_401
1	edge_1022
1	edge_77
1	edge_402
1	edge_808
1	edge_723
1	edge_1060
1	edge_629
1	edge_885
1	edge_177
1	edge_812
1	edge_963
1	edge_61
1	edge_394
1	edge_852
1	edge_560
1	edge_251
1	edge_176
1	edge_1084
1	edge_1107
1	edge_1094
1	edge_337
1	edge_638
1	edge_468
1	edge_59
1	edge_642
1	edge_917
1	edge_202
1	edge_1144
1	edge_154
1	edge_755
1	edge_487
1	edge_452
1	edge_484
1	edge_57
1	edge_740
1	edge_31
1	edge_1000
1	edge_381
1	edge_214
1	edge_628
1	edge_918
1	edge_908
1	edge_721
1	edge_152
1	edge_659
1	edge_162
1	edge_784
1	edge_873
1	edge_160
1	edge_223
1	edge_521
1	edge_846
1	edge_315
1	edge_832
1	edge_1036
1	edge_889
1	edge_883
1	edge_271
1	edge_438
1	edge_655
1	edge_385
1	edge_138
1	edge_470
1	edge_549
1	edge_542
1	edge_679
1	edge_927
1	edge_939
1	edge_994
1	edge_98
1	edge_131
1	edge_706
1	edge_1132
1	edge_717
1	edge_1043
1	edge_156
1	edge_56
1	edge_427
1	edge_504
1	edge_898
1	edge_1003
1	edge_102
1	edge_651
1	edge_327
1	edge_1122
1	edge_1039
1	edge_839
1	edge_351
1	edge_570
1	edge_187
1	edge_314
1	edge_705
1	edge_715
1	edge_868
1	edge_556
1	edge_330
1	edge_483
1	edge_730
1	edge_569
1	edge_479
1	edge_657
1	edge_957
1	edge_516
1	edge_538
1	edge_768
1	edge_83
1	edge_618
1	edge_559
1	edge_714
1	edge_790
1	edge_828
1	edge_229
2	edge_467
2	edge_30
2	edge_817
2	edge_113
2	edge_799
2	edge_8
2	edge_779
2	edge_710
2	edge_256
2	edge_333
2	edge_966
2	edge_998
2	edge_566
2	edge_643
2	edge_1134
2	edge_567
2	edge_666
2	edge_472
2	edge_870
2	edge_496
2	edge_780
2	edge_910
2	edge_669
2	edge_289
2	edge_791
2	edge_648
2	edge_51
2	edge_691
2	edge_1020
2	edge_972
2	edge_386
2	edge_46
2	edge_367
2	edge_745
2	edge_827
2	edge_996
2	edge_719
2	edge_279
2	edge_430
2	edge_505
2	edge_15
2	edge_619
2	edge_265
2	edge_1018
2	edge_357
2	edge_81
2	edge_336
2	edge_48
2	edge_978
2	edge_811
2	edge_161
2	edge_787
2	edge_32
2	edge_1024
2	edge_1150
2	edge_144
2	edge_690
2	edge_37
2	edge_869
2	edge_603
2	edge_374
2	edge_553
2	edge_1001
2	edge_853
2	edge_922
2	edge_194
2	edge_60
2	edge_405
2	edge_270
2	edge_326
2	edge_501
2	edge_184
2	edge_806
2	edge_1059
2	edge_747
2	edge_1010
2	edge_110
2	edge_1140
2	edge_1125
2	edge_989
2	edge_465
2	edge_596
2	edge_41
2	edge_662
2	edge_106
2	edge_632
2	edge_942
2	edge_757
2	edge_494
2	edge_1045
2	edge_26
2	edge_763
2	edge_298
2	edge_523
2	edge_598
2	edge_594
2	edge_436
2	edge_353
2	edge_35
2	edge_905
2	edge_1104
2	edge_644
2	edge_1068
2	edge_1142
2	edge_466
2	edge_210
2	edge_572
2	edge_936
2	edge_962
2	edge_180
2	edge_640
2	edge_887
2	edge_886
2	edge_191
2	edge_983
2	edge_1019
2	edge_55
2	edge_313
2	edge_1126
2	edge_761
2	edge_137
2	edge_105
2	edge_684
2	edge_937
2	edge_1037
2	edge_1021
2	edge_1023
2	edge_1129
2	edge_1054
2	edge_130
2	edge_956
2	edge_1147
2	edge_42
2	edge_982
2	edge_14
2	edge_423
2	edge_621
2	edge_1123
2	edge_992
2	edge_687
2	edge_751
2	edge_149
2	edge_415
2	edge_321
2	edge_338
2	edge_741
2	edge_746
2	edge_613
2	edge_349
2	edge_429
2	edge_798
2	edge_913
2	edge_692
2	edge_1136
2	edge_193
2	edge_1064
2	edge_764
2	edge_28
2	edge_980
2	edge_931
2	edge_1099
2	edge_878
2	edge_1098
2	edge_360
2	edge_115
2	edge_535
2	edge_447
2	edge_874
2	edge_508
2	edge_866
2	edge_1092
2	edge_670
2	edge_352
2	edge_796
2	edge_502
2	edge_540
2	edge_140
2	edge_588
2	edge_867
2	edge_67
2	edge_185
2	edge_605
2	edge_816
2	edge_443
2	edge_967
2	edge_339
2	edge_565
2	edge_727
2	edge_264
2	edge_237
2	edge_20
2	edge_278
2	edge_73
2	edge_6
2	edge_10
2	edge_770
2	edge_1057
2	edge_909
2	edge_833
2	edge_376
2	edge_602
2	edge_421
2	edge_1009
2	edge_652
2	edge_408
2	edge_17
2	edge_711
2	edge_975
2	edge_285
2	edge_491
2	edge_228
2	edge_284
2	edge_1131
2	edge_925
2	edge_233
2	edge_759
2	edge_647
2	edge_136
2	edge_718
2	edge_850
2	edge_195
2	edge_382
2	edge_1090
2	edge_499
2	edge_87
2	edge_1127
2	edge_557
2	edge_551
2	edge_33
2	edge_404
2	edge_858
2	edge_797
2	edge_708
2	edge_977
2	edge_904
2	edge_893
2	edge_99
2	edge_93
2	edge_509
2	edge_737
2	edge_543
2	edge_775
2	edge_247
2	edge_841
2	edge_431
2	edge_1146
2	edge_635
2	edge_454
2	edge_953
2	edge_119
2	edge_526
2	edge_901
2	edge_857
2	edge_625
2	edge_364
2	edge_123
2	edge_864
2	edge_818
2	edge_682
2	edge_626
2	edge_171
2	edge_68
2	edge_498
2	edge_236
2	edge_104
2	edge_412
2	edge_378
2	edge_861
2	edge_173
2	edge_902
2	edge_399
2	edge_437
2	edge_636
2	edge_848
2	edge_254
2	edge_1028
2	edge_843
2	edge_141
2	edge_914
2	edge_736
2	edge_66
2	edge_860
2	edge_52
2	edge_974
2	edge_976
2	edge_1041
2	edge_245
2	edge_100
2	edge_417
2	edge_50
2	edge_783
2	edge_275
2	edge_139
2	edge_281
2	edge_772
2	edge_744
2	edge_970
2	edge_694
2	edge_446
2	edge_1072
2	edge_804
2	edge_563
2	edge_844
2	edge_820
2	edge_859
2	edge_111
2	edge_862
2	edge_239
2	edge_951
2	edge_1076
2	edge_2
2	edge_938
2	edge_1108
2	edge_1074
2	edge_82
2	edge_398
2	edge_807
2	edge_960
2	edge_1006
2	edge_993
2	edge_597
2	edge_604
2	edge_426
2	edge_253
2	edge_274
2	edge_44
2	edge_186
2	edge_891
2	edge_1034
2	edge_43
2	edge_674
2	edge_25
2	edge_388
2	edge_166
2	edge_801
2	edge_188
2	edge_577
2	edge_615
2	edge_1067
2	edge_701
2	edge_921
2	edge_781
2	edge_389
2	edge_537
2	edge_514
2	edge_520
2	edge_356
2	edge_600
2	edge_1007
2	edge_1091
2	edge_1069
2	edge_192
2	edge_476
2	edge_871
2	edge_681
2	edge_985
2	edge_732
2	edge_720
2	edge_639
2	edge_379
2	edge_606
2	edge_293
2	edge_728
2	edge_296
2	edge_40
2	edge_610
2	edge_1087
2	edge_574
2	edge_464
2	edge_167
2	edge_671
2	edge_800
2	edge_881
2	edge_676
2	edge_1017
2	edge_945
2	edge_121
2	edge_493
2	edge_146
2	edge_348
2	edge_217
2	edge_250
2	edge_434
2	edge_358
2	edge_354
2	edge_1110
2	edge_986
2	edge_157
2	edge_344
2	edge_63
2	edge_792
2	edge_912
2	edge_971
2	edge_114
2	edge_547
2	edge_103
2	edge_85
2	edge_703
2	edge_1030
2	edge_865
2	edge_1112
2	edge_366
2	edge_1032
2	edge_477
2	edge_1049
2	edge_593
2	edge_226
2	edge_531
2	edge_396
2	edge_587
2	edge_750
2	edge_653
2	edge_362
2	edge_660
2	edge_221
2	edge_204
2	edge_961
2	edge_872
2	edge_133
2	edge_172
2	edge_295
2	edge_11
2	edge_267
2	edge_244
2	edge_480
2	edge_645
2	edge_290
2	edge_1040
2	edge_1097
2	edge_933
2	edge_689
2	edge_1149
2	edge_395
2	edge_325
2	edge_363
2	edge_164
2	edge_19
2	edge_45
2	edge_108
2	edge_1025
2	edge_1119
2	edge_968
2	edge_950
2	edge_686
2	edge_777
2	edge_822
2	edge_124
2	edge_317
2	edge_183
2	edge_765
2	edge_586
2	edge_548
2	edge_616
2	edge_1128
2	edge_101
2	edge_579
2	edge_219
2	edge_584
2	edge_856
2	edge_831
2	edge_940
2	edge_760
2	edge_946
2	edge_834
2	edge_533
2	edge_206
2	edge_573
2	edge_49
2	edge_273
2	edge_529
2	edge_361
2	edge_488
2	edge_988
2	edge_199
2	edge_190
2	edge_552
2	edge_414
2	edge_129
2	edge_318
2	edge_955
2	edge_935
2	edge_896
2	edge_934
2	edge_554
2	edge_432
2	edge_145
2	edge_75
2	edge_503
2	edge_668
2	edge_894
2	edge_286
2	edge_460
2	edge_65
2	edge_941
2	edge_900
2	edge_316
2	edge_1014
2	edge_458
2	edge_441
2	edge_174
2	edge_1056
2	edge_294
2	edge_383
2	edge_231
2	edge_726
2	edge_428
2	edge_212
2	edge_541
2	edge_222
2	edge_821
2	edge_132
2	edge_38
2	edge_995
2	edge_169
2	edge_809
2	edge_198
2	edge_1065
2	edge_519
2	edge_478
2	edge_425
2	edge_697
2	edge_215
2	edge_1085
2	edge_359
2	edge_27
2	edge_1105
2	edge_297
2	edge_324
2	edge_207
2	edge_712
2	edge_489
2	edge_888
2	edge_390
2	edge_813
2	edge_1082
2	edge_769
2	edge_1095
2	edge_534
2	edge_387
2	edge_143
2	edge_667
2	edge_107
2	edge_920
2	edge_1005
2	edge_611
2	edge_455
2	edge_147
2	edge_1031
2	edge_1061
2	edge_208
2	edge_435
2	edge_1100
2	edge_506
2	edge_803
2	edge_342
2	edge_497
2	edge_1063
2	edge_627
2	edge_249
2	edge_1101
2	edge_227
2	edge_707
2	edge_473
2	edge_564
2	edge_544
2	edge_311
2	edge_774
2	edge_845
2	edge_1015
2	edge_906
2	edge_1124
2	edge_578
2	edge_1073
2	edge_729
2	edge_766
2	edge_583
2	edge_266
2	edge_608
2	edge_838
2	edge_392
2	edge_634
2	edge_1042
2	edge_713
2	edge_522
2	edge_1111
2	edge_580
2	edge_439
2	edge_292
2	edge_276
2	edge_802
2	edge_475
2	edge_785
2	edge_748
2	edge_981
2	edge_539
2	edge_280
2	edge_930
2	edge_650
2	edge_69
2	edge_1
2	edge_1055
2	edge_471
2	edge_892
2	edge_1079
2	edge_459
